gsp_group_id,bmu_id,bmu_name,bmu_type,ngc_bmu_id,fuel_type,lead_party_id,lead_party_name,trading_unit_name,transmission_loss_factor,valid_from,valid_to,gsp_name,dno
,T_WDRGW-1,Windy Rig Wind Farm,T,WDRGW-1,WIND,WINDYRIG,Windy Rig Wind Farm Limited,,-0.0146251,2024-09-02,9999-12-31,,
,T_WHIHW-1,Whiteside Hill WF,T,WHIHW-1,WIND,WHWF1985,Whiteside Hill,,-0.0146251,2024-09-02,9999-12-31,,
,T_WHILW-2,Whitelee Extension,T,WHILW-2,WIND,SPCRE01,SP Renewables (UK) Limited,,-0.0146251,2024-09-02,9999-12-31,,
,T_WDNSO-2,West of Duddon Sands Offshore2,T,WDNSO-2,WIND,MWLWODS1,Morecambe Wind Limited,,-0.0086334,2024-09-02,9999-12-31,,
,T_WDNSO-1,West of Duddon Sands Offshore1,T,WDNSO-1,WIND,MWLWODS1,Morecambe Wind Limited,,-0.0086334,2024-09-02,9999-12-31,,
,T_WTMSO-1,WESTERMOST_ROUGH,T,WTMSO-1,WIND,DONG008,Westermost Rough Limited,,-0.0079685,2024-09-02,9999-12-31,,
,T_WLNYO-4,WALNEY_4,T,WLNYO-4,WIND,DONG012,Walney Extension Ltd,,-0.0086334,2024-09-02,9999-12-31,,
,T_WLNYO-3,WALNEY_3,T,WLNYO-3,WIND,DONG012,Walney Extension Ltd,,-0.0086334,2024-09-02,9999-12-31,,
,T_WLNYO-2,WALNEY_2,T,WLNYO-2,WIND,DONG003,Walney Offshore Windfarms Ltd,,-0.0086334,2024-09-02,9999-12-31,,
,T_WLNYW-1,WALNEY_1,T,WLNYW-1,WIND,DONG003,Walney Offshore Windfarms Ltd,,-0.0086334,2024-09-02,9999-12-31,,
,T_VKNGW-4,Viking Energy Windfarm BMU-4,T,VKNGW-4,WIND,VIKING,Viking Energy Wind Farm LLP,,-0.0417624,2024-09-02,9999-12-31,,
,T_VKNGW-3,Viking Energy Windfarm BMU-3,T,VKNGW-3,WIND,VIKING,Viking Energy Wind Farm LLP,,-0.0417624,2024-09-02,9999-12-31,,
,T_VKNGW-2,Viking Energy Windfarm BMU-2,T,VKNGW-2,WIND,VIKING,Viking Energy Wind Farm LLP,,-0.0417624,2024-09-02,9999-12-31,,
,T_VKNGW-1,Viking Energy Windfarm BMU-1,T,VKNGW-1,WIND,VIKING,Viking Energy Wind Farm LLP,,-0.0417624,2024-09-02,9999-12-31,,
,T_WHILW-1,T_WHILW-1,T,WHILW-1,WIND,SPCRE01,SP Renewables (UK) Limited,,-0.0146251,2024-09-02,9999-12-31,,
,T_TWSHW-1,Twenty Shilling Wind Farm,T,TWSHW-1,WIND,TWENTYSH,Twentyshilling Limited,,-0.0146251,2024-09-02,9999-12-31,,
_P,E_TLYMW-1,Tullymurdoch Wind Farm,E,TLYMW-1,WIND,RENC,ECOTRICITY LIMITED,DEFAULT__P,-0.0417624,2024-09-02,9999-12-31,Northern Scotland,Scottish and Southern Electricity Networks
_P,E_TULWW-1,Tullo Windfarm,E,TULWW-1,WIND,ENECOUK,Eneco Energy Trade,DEFAULT__P,-0.0417624,2024-09-02,9999-12-31,Northern Scotland,Scottish and Southern Electricity Networks
_P,E_TULWW-2,Tullo Extension,E,TULWW-2,WIND,ENECOUK,Eneco Energy Trade,DEFAULT__P,-0.0417624,2024-09-02,9999-12-31,Northern Scotland,Scottish and Southern Electricity Networks
,T_TRLGW-1,T_TRLGW-1,T,TRLGW-1,WIND,SMARTEST,Smartestenergy Limited,,-0.0146251,2024-09-02,9999-12-31,,
,T_RRWW-1,T_RRWW-1,T,RRWW-1,WIND,ROBINRIG,RWE Renewables UK Robin Rigg,,-0.0086334,2024-09-02,9999-12-31,,
,T_RREW-1,T_RREW-1,T,RREW-1,WIND,ROBINRIG,RWE Renewables UK Robin Rigg,,-0.0086334,2024-09-02,9999-12-31,,
,T_TKNWW-1,Triton Knoll OSP west 1,T,TKNWW-1,WIND,TKWFL,Triton Knoll Offshore Wind,,0.0032790,2024-07-05,2024-09-01,,
,T_TKNEW-1,Triton Knoll OSP East 1,T,TKNEW-1,WIND,TKWFL,Triton Knoll Offshore Wind,,0.0032790,2024-07-05,2024-09-01,,
,T_TDBNW-1,Toddleburn,T,TDBNW-1,WIND,SSEGEN,SSE Generation Ltd,,-0.0146251,2024-09-02,9999-12-31,,
,T_THNTO-2,Thanet Offshore Wind Limited 2,T,THNTO-2,WIND,TOW,Thanet Offshore Wind Limited,,0.0084878,2024-04-01,2024-07-04,,
,T_THNTO-1,Thanet Offshore Wind Limited 1,T,THNTO-1,WIND,TOW,Thanet Offshore Wind Limited,,0.0084878,2024-04-01,2024-07-04,,
,T_DOUGW-1,T-DOUGW-1,T,DOUGW-1,WIND,EROVAIRL,Erova Energy Limited,,-0.0146251,2024-09-02,9999-12-31,,
,T_BLLA-1,T_BLLA-1,T,BLLA-1,WIND,SPCRE01,SP Renewables (UK) Limited,,-0.0146251,2024-09-02,9999-12-31,,
,T_STLGW-3,Stronelairg Windfarm 3,T,STLGW-3,WIND,STLG,Stronelairg Windfarm Limited,,-0.0417624,2024-09-02,9999-12-31,,
,T_STLGW-2,Stronelairg Windfarm 2,T,STLGW-2,WIND,STLG,Stronelairg Windfarm Limited,,-0.0417624,2024-09-02,9999-12-31,,
,T_STLGW-1,Stronelairg Windfarm 1,T,STLGW-1,WIND,STLG,Stronelairg Windfarm Limited,,-0.0417624,2024-09-02,9999-12-31,,
,T_STRNW-1,Strathy North Wind Farm 1,T,STRNW-1,WIND,STRTHWFL,Strathy Wind Farm Limited,,-0.0417624,2024-09-02,9999-12-31,,
_P,2__PSTAT002,STAT P3 North Scotland,S,MDHLW-1,WIND,STATKRA1,Statkraft Markets Gmbh,DEFAULT__P,-0.0417624,2024-09-02,9999-12-31,Northern Scotland,Scottish and Southern Electricity Networks
_P,2__PSTAT001,STAT P2 North Scotland,S,CAIRW-2,WIND,STATKRA1,Statkraft Markets Gmbh,DEFAULT__P,-0.0417624,2024-09-02,9999-12-31,Northern Scotland,Scottish and Southern Electricity Networks
,T_SOKYW-1,South Kyle Wind Farm,T,SOKYW-1,WIND,GBSKYL,South Kyle Wind Farm Limited,,-0.0146251,2024-09-02,9999-12-31,,
,T_SHRSW-2,Sheringham Shoal Unit 2,T,SHRSO-2,WIND,SCIRA,Scira Offshore Energy Limited,,0.0020155,2024-07-05,2024-09-01,,
,T_SHRSW-1,Sheringham Shoal Unit 1,T,SHRSO-1,WIND,SCIRA,Scira Offshore Energy Limited,,0.0020155,2024-07-05,2024-09-01,,
,T_SGRWO-6,Seagreen1 Offshore WF 6,T,SGRWO-6,WIND,SWEL001,Seagreen Wind Energy Limited,,-0.0417624,2024-09-02,9999-12-31,,
,T_SGRWO-5,Seagreen1 Offshore WF 5,T,SGRWO-5,WIND,SWEL001,Seagreen Wind Energy Limited,,-0.0417624,2024-09-02,9999-12-31,,
,T_SGRWO-4,Seagreen1 Offshore WF 4,T,SGRWO-4,WIND,SWEL001,Seagreen Wind Energy Limited,,-0.0417624,2024-09-02,9999-12-31,,
,T_SGRWO-3,Seagreen1 Offshore WF 3,T,SGRWO-3,WIND,SWEL001,Seagreen Wind Energy Limited,,-0.0417624,2024-09-02,9999-12-31,,
,T_SGRWO-2,Seagreen1 Offshore WF 2,T,SGRWO-2,WIND,SWEL001,Seagreen Wind Energy Limited,,-0.0417624,2024-09-02,9999-12-31,,
,T_SGRWO-1,Seagreen1 Offshore WF 1,T,SGRWO-1,WIND,SWEL001,Seagreen Wind Energy Limited,,-0.0417624,2024-09-02,9999-12-31,,
,T_SANQW-1,SANQUHAR,T,SANQW-1,WIND,SCWCL,SANQUHAR CWCL,,-0.0146251,2024-09-02,9999-12-31,,
,T_SAKNW-1,Sandy Knowe Wind Farm,T,SAKNW-1,WIND,SANDYWF1,Sandy Knowe Wind Farm Ltd,,-0.0146251,2024-09-02,9999-12-31,,
_P,2__PENEC001,Rothes Windfarm,S,ROTHW-1,WIND,ENECOUK,Eneco Energy Trade,DEFAULT__P,-0.0417624,2024-09-02,9999-12-31,Northern Scotland,Scottish and Southern Electricity Networks
,T_RMPNO-2,Rampion Offshore Wind BMU 2,T,RMPNO-2,WIND,RAMPION,Rampion Offshore Windfarm Ltd,,0.0084878,2024-04-01,2024-07-04,,
,T_RMPNO-1,Rampion Offshore Wind BMU 1,T,RMPNO-1,WIND,RAMPION,Rampion Offshore Windfarm Ltd,,0.0084878,2024-04-01,2024-07-04,,
,T_RCBKO-2,RACE_BANK_Z02,T,RCBKO-2,WIND,DONG011,Race Bank Wind Farm Ltd,,0.0020155,2024-07-05,2024-09-01,,
,T_RCBKO-1,RACE_BANK_Z01,T,RCBKO-1,WIND,DONG011,Race Bank Wind Farm Ltd,,0.0020155,2024-07-05,2024-09-01,,
,T_PGBIW-1,Pogbie WF,T,PGBIW-1,WIND,LENCO,EDF Energy Customers Ltd,,-0.0146251,2024-09-02,9999-12-31,,
,T_PNYCW-1,PNYCW-1 Export,T,PNYCW-1,WIND,PYC,Pen y Cymoedd Wind Farm LTD,PYC Trading Unit,0.0074977,2024-07-05,2024-09-01,,
_N,E_PIBUW-1,Pines Burn Wind Farm,E,PIBUW-1,WIND,NPOWER02,Npower Commercial Gas Limited,DEFAULT__N,-0.0146251,2024-09-02,9999-12-31,Southern Scotland,SP Energy Networks
_P,2__PENEC002,Pauls Hill Windfarm,S,PAUHW-1,WIND,ENECOUK,Eneco Energy Trade,DEFAULT__P,-0.0417624,2024-09-02,9999-12-31,Northern Scotland,Scottish and Southern Electricity Networks
,T_OMNDW-1,Ormonde Energy Limited 1,T,OMNDO-1,WIND,ORMONDE,Ormonde Energy Ltd,,-0.0086334,2024-09-02,9999-12-31,,
,T_NNGAO-2,Neart Na Gaiothe WF 2,T,NNGAO-2,WIND,NNG01,Neart Na Gaoithe Offshore Wind,,-0.0146251,2024-09-02,9999-12-31,,
,T_NNGAO-1,Neart Na Gaiothe WF 1,T,NNGAO-1,WIND,NNG01,Neart Na Gaoithe Offshore Wind,,-0.0146251,2024-09-02,9999-12-31,,
_P,E_MOYEW-1,Moy Windfarm,E,MOYEW-1,WIND,ENECOUK,Eneco Energy Trade,DEFAULT__P,-0.0417624,2024-09-02,9999-12-31,Northern Scotland,Scottish and Southern Electricity Networks
,T_MOWWO-4,Moray West OWF4,T,MOWWO-4,WIND,MOWWL,Moray Offshore Wind West Ltd,,-0.0417624,2024-09-02,9999-12-31,,
,T_MOWWO-3,Moray West OWF3,T,MOWWO-3,WIND,MOWWL,Moray Offshore Wind West Ltd,,-0.0417624,2024-09-02,9999-12-31,,
,T_MOWWO-2,Moray West OWF2,T,MOWWO-2,WIND,MOWWL,Moray Offshore Wind West Ltd,,-0.0417624,2024-09-02,9999-12-31,,
,T_MOWWO-1,Moray West OWF1,T,MOWWO-1,WIND,MOWWL,Moray Offshore Wind West Ltd,,-0.0417624,2024-09-02,9999-12-31,,
,T_MOWEO-3,Moray East OWF3,T,MOWEO-3,WIND,MOWEL,Moray Offshore Wind East Ltd,,-0.0417624,2024-09-02,9999-12-31,,
,T_MOWEO-2,Moray East OWF2,T,MOWEO-2,WIND,MOWEL,Moray Offshore Wind East Ltd,,-0.0417624,2024-09-02,9999-12-31,,
,T_MOWEO-1,Moray East OWF1,T,MOWEO-1,WIND,MOWEL,Moray Offshore Wind East Ltd,,-0.0417624,2024-09-02,9999-12-31,,
_N,E_MINSW-1,Minsca Wind Farm,E,MINSW-1,WIND,AIRGEN,Mobius Renewables Gen. (GB),DEFAULT__N,-0.0146251,2024-09-02,9999-12-31,Southern Scotland,SP Energy Networks
,T_MYGPW-1,Minnygap Wind Farm,T,MYGPW-1,WIND,MEL,Minnygap Energy Limited,,-0.0146251,2024-09-02,9999-12-31,,
,T_MILWW-1,MILWW,T,MILWW-1,WIND,MILLEN07,Millennium Wind Energy Ltd,,-0.0417624,2024-09-02,9999-12-31,,
,T_MIDMW-1,MIDDLE MUIR WIND FARM,T,MIDMW-1,WIND,BANKSREN,OnPath Energy Limited,,-0.0146251,2024-09-02,9999-12-31,,
,T_MKHLW-1,Mark Hill,T,MKHLW-1,WIND,SPCRE01,SP Renewables (UK) Limited,,-0.0146251,2024-09-02,9999-12-31,,
,T_LARYW-4,London Array BMU4,T,LARYO-4,WIND,LAOWF,London Array Limited,,0.0084878,2024-04-01,2024-07-04,,
,T_LARYW-3,London Array BMU3,T,LARYO-3,WIND,LAOWF,London Array Limited,,0.0084878,2024-04-01,2024-07-04,,
,T_LARYW-2,London Array BMU2,T,LARYO-2,WIND,LAOWF,London Array Limited,,0.0084878,2024-04-01,2024-07-04,,
,T_LARYW-1,London Array BMU1,T,LARYO-1,WIND,LAOWF,London Array Limited,,0.0084878,2024-04-01,2024-07-04,,
,T_LCLTW-1,Lochluichart Windfarm,T,LCLTW-1,WIND,ENECOUK,Eneco Energy Trade,,-0.0417624,2024-09-02,9999-12-31,,
,T_LNCSW-2,Lincs wind farm offshore BMU2,T,LNCSO-2,WIND,LINCSWFL,Lincs Wind Farm Ltd,,0.0020155,2024-07-05,2024-09-01,,
,T_LNCSW-1,Lincs wind farm offshore BMU1,T,LNCSO-1,WIND,LINCSWFL,Lincs Wind Farm Ltd,,0.0020155,2024-07-05,2024-09-01,,
,T_KPMRW-1,KYPE MUIR WIND FARM,T,KPMRW-1,WIND,BANKSREN,OnPath Energy Limited,,-0.0146251,2024-09-02,9999-12-31,,
,T_KYPEW-1,KYPE MUIR EXT WIND FARM,T,KYPEW-1,WIND,KYPEMEXT,Kype Extension Wind Farm Ltd,,-0.0146251,2024-09-02,9999-12-31,,
_P,E_KINCW-1,Kincardine Offshore Windfarm,E,KINCW-1,WIND,STATKRA1,Statkraft Markets Gmbh,DEFAULT__P,-0.0417624,2024-09-02,9999-12-31,Northern Scotland,Scottish and Southern Electricity Networks
,T_KLGLW-1,Kilgallioch Windfarm,T,KLGLW-1,WIND,SPCRE01,SP Renewables (UK) Limited,,-0.0146251,2024-09-02,9999-12-31,,
,T_KILBW-1,KILBW,T,KILBW-1,WIND,KILBRAUR,Kilbraur Wind Energy Ltd,,-0.0417624,2024-09-02,9999-12-31,,
,T_KENNW-1,Kennoxhead Wind Farm,T,KENNW-1,WIND,KENX01,Kennoxhead Wind Farm Limited,,-0.0146251,2024-09-02,9999-12-31,,
,T_KTHLW-1,KEITH HILL WINDFARM,T,KTHLW-1,WIND,STATKRA1,Statkraft Markets Gmbh,,-0.0146251,2024-09-02,9999-12-31,,
_P,E_HYWDW-1,Hywind Generator BMU1,E,HYWDW-1,WIND,HYWINDSC,HYWINDSC,DEFAULT__P,-0.0417624,2024-09-02,9999-12-31,Northern Scotland,Scottish and Southern Electricity Networks
,T_HMGTO-2,Humber Offshore Wind Farm BMU2,T,HMGTO-2,WIND,HMBRWNDL,RWE Renewables UK Humber Wind,,-0.0079685,2024-09-02,9999-12-31,,
,T_HMGTO-1,Humber Offshore Wind Farm BMU1,T,HMGTO-1,WIND,HMBRWNDL,RWE Renewables UK Humber Wind,,-0.0079685,2024-09-02,9999-12-31,,
,T_HOWBO-3,HORNSEA_WF_2C,T,HOWBO-3,WIND,ORSTED03,Soundmark Wind Limited,,-0.0079685,2024-09-02,9999-12-31,,
,T_HOWBO-2,HORNSEA_WF_2B,T,HOWBO-2,WIND,ORSTED02,Sonningmay Wind Limited,,-0.0079685,2024-09-02,9999-12-31,,
,T_HOWBO-1,HORNSEA_WF_2A,T,HOWBO-1,WIND,ORSTED01,Breesea Limited,,-0.0079685,2024-09-02,9999-12-31,,
,T_HOWAO-3,HORNSEA_1C,T,HOWAO-3,WIND,DONG013,Hornsea 1 Limited,,-0.0079685,2024-09-02,9999-12-31,,
,T_HOWAO-2,HORNSEA_1B,T,HOWAO-2,WIND,DONG013,Hornsea 1 Limited,,-0.0079685,2024-09-02,9999-12-31,,
,T_HOWAO-1,HORNSEA_1A,T,HOWAO-1,WIND,DONG013,Hornsea 1 Limited,,-0.0079685,2024-09-02,9999-12-31,,
_P,E_HLTWW-1,Hill of Towie,E,HLTWW-1,WIND,SPSUP01,SP Energy Retail Ltd,DEFAULT__P,-0.0417624,2024-09-02,9999-12-31,Northern Scotland,Scottish and Southern Electricity Networks
_P,E_HLGLW-1,Hill of Glaschyle,E,HLGLW-1,WIND,RWETDL,ENGIE Power Limited,DEFAULT__P,-0.0417624,2024-09-02,9999-12-31,Northern Scotland,Scottish and Southern Electricity Networks
,T_HRSTW-1,Harestanes,T,HRSTW-1,WIND,SPCRE01,SP Renewables (UK) Limited,,-0.0146251,2024-09-02,9999-12-31,,
_N,E_HRHLW-1,Hare Hill Extension Windfarm,E,HRHLW-1,WIND,SPCRE01,SP Renewables (UK) Limited,DEFAULT__N,-0.0146251,2024-09-02,9999-12-31,Southern Scotland,SP Energy Networks
_N,E_HBHDW-1,HARBURNHEADWF,E,HBHDW-1,WIND,HARBURN1,LDV Harburnhead Ltd,DEFAULT__N,-0.0146251,2024-09-02,9999-12-31,Southern Scotland,SP Energy Networks
,T_HALSW-1,Halsary Windfarm,T,HALSW-1,WIND,SPCRE01,SP Renewables (UK) Limited,,-0.0417624,2024-09-02,9999-12-31,,
,T_HADHW-1,Hadyard Hill Wind Farm,T,HADHW-1,WIND,SSERWFL,SSE Renewables Wind Farms,,-0.0146251,2024-09-02,9999-12-31,,
,T_GYMR-28,GyM OSPW 28,T,GYMRO-28,WIND,GYMOWL,Gwynt y Mor Offshore Wind Farm,Gwynt y Mor,-0.0024907,2024-09-02,9999-12-31,,
,T_GYMR-26,GyM OSPW 26,T,GYMRO-26,WIND,GYMOWL,Gwynt y Mor Offshore Wind Farm,Gwynt y Mor,-0.0024907,2024-09-02,9999-12-31,,
,T_GYMR-17,GyM OSPE 17,T,GYMRO-17,WIND,GYMOWL,Gwynt y Mor Offshore Wind Farm,Gwynt y Mor,-0.0024907,2024-09-02,9999-12-31,,
,T_GYMR-15,GyM OSPE 15,T,GYMRO-15,WIND,GYMOWL,Gwynt y Mor Offshore Wind Farm,Gwynt y Mor,-0.0024907,2024-09-02,9999-12-31,,
,T_GNFSW-2,Gunfleet Sands 2,T,GNFSW-2,WIND,DONG006,Gunfleet Sands II Limited,,0.0020155,2024-07-05,2024-09-01,,
,T_GNFSW-1,Gunfleet Sands 1,T,GNFSW-1,WIND,DONG005,Gunfleet Sands Limited,,0.0020155,2024-07-05,2024-09-01,,
,T_GRIFW-2,Griffin Wind Farm 2,T,GRIFW-2,WIND,GRWL,Griffin Wind Farm Ltd,,-0.0417624,2024-09-02,9999-12-31,,
,T_GRIFW-1,Griffin Wind Farm 1,T,GRIFW-1,WIND,GRWL,Griffin Wind Farm Ltd,,-0.0417624,2024-09-02,9999-12-31,,
_N,E_GRGRW-1,Greengairs East WF-1,E,GRGRW-1,WIND,GEWF0422,Greengairs East Wind Farm Ltd,DEFAULT__N,-0.0146251,2024-09-02,9999-12-31,Southern Scotland,SP Energy Networks
,T_GRGBW-3,Greater Gabbard Module 3,T,GRGBW-3,WIND,GGOWL,Greater Gabbard Offshore Winds,,0.0020155,2024-07-05,2024-09-01,,
,T_GRGBW-2,Greater Gabbard Module 2,T,GRGBW-2,WIND,GGOWL,Greater Gabbard Offshore Winds,,0.0020155,2024-07-05,2024-09-01,,
,T_GRGBW-1,Greater Gabbard Module 1,T,GRGBW-1,WIND,GGOWL,Greater Gabbard Offshore Winds,,0.0020155,2024-07-05,2024-09-01,,
_P,E_GDSTW-1,Gordonstown,E,GDSTW-1,WIND,AIRGEN,Mobius Renewables Gen. (GB),DEFAULT__P,-0.0417624,2024-09-02,9999-12-31,Northern Scotland,Scottish and Southern Electricity Networks
,T_GORDW-2,Gordonbush WF Extension,T,GORDW-2,WIND,SSEGEN,SSE Generation Ltd,,-0.0417624,2024-09-02,9999-12-31,,
,T_GORDW-1,Gordon Bush,T,GORDW-1,WIND,SSEGEN,SSE Generation Ltd,,-0.0417624,2024-09-02,9999-12-31,,
_P,E_GLOFW-1,Glens of Foudland,E,GLOFW-1,WIND,GOFPOWER,Glens of Foudland Ltd,DEFAULT__P,-0.0417624,2024-09-02,9999-12-31,Northern Scotland,Scottish and Southern Electricity Networks
,T_GLNKW-1,GLEN KYLLACHY WINDFARM,T,GLNKW-1,WIND,LENCO,EDF Energy Customers Ltd,,-0.0417624,2024-09-02,9999-12-31,,
_N,E_GLCHW-1,Glenchamber,E,GLCHW-1,WIND,RWETDL,ENGIE Power Limited,DEFAULT__N,-0.0146251,2024-09-02,9999-12-31,Southern Scotland,SP Energy Networks
,T_GNAPW-1,Glen App Windfarm,T,GNAPW-1,WIND,SPCRE01,SP Renewables (UK) Limited,,-0.0146251,2024-09-02,9999-12-31,,
,T_GANW-24,Galloper OSP 24,T,GAOFO-4,WIND,GALOWFL,Galloper Offshore WindFarm Ltd,,0.0020155,2024-07-05,2024-09-01,,
,T_GANW-22,Galloper OSP 22,T,GAOFO-2,WIND,GALOWFL,Galloper Offshore WindFarm Ltd,,0.0020155,2024-07-05,2024-09-01,,
,T_GANW-13,Galloper OSP 13,T,GAOFO-3,WIND,GALOWFL,Galloper Offshore WindFarm Ltd,,0.0020155,2024-07-05,2024-09-01,,
,T_GANW-11,Galloper OSP 11,T,GAOFO-1,WIND,GALOWFL,Galloper Offshore WindFarm Ltd,,0.0020155,2024-07-05,2024-09-01,,
,T_GLWSW-1,Galawhistle Wind Farm,T,GLWSW-1,WIND,GALAWWF,GALAWHISTLE WIND FARM,,-0.0146251,2024-09-02,9999-12-31,,
,T_FSDLW-1,Freasdail Wind Farm,T,FSDLW-1,WIND,FEL,Freasdail Energy Limited,,-0.0417624,2024-09-02,9999-12-31,,
,T_FARR-2,Farr Unit 2,T,FAARW-2,WIND,SMARTEST,Smartestenergy Limited,,-0.0417624,2024-09-02,9999-12-31,,
,T_FARR-1,Farr Unit 1,T,FAARW-1,WIND,SMARTEST,Smartestenergy Limited,,-0.0417624,2024-09-02,9999-12-31,,
,T_FALGW-1,Fallago Rig Wind Farm,T,FALGW-1,WIND,FALLAGO,Fallago Rig Wind Farm Limited,,-0.0146251,2024-09-02,9999-12-31,,
,T_EWHLW-1,Ewe Hill II Windfarm,T,EWHLW-1,WIND,SPCRE01,SP Renewables (UK) Limited,,-0.0146251,2024-09-02,9999-12-31,,
,T_EDINW-1,Edinbane Windfarm,T,EDINW-1,WIND,VWPL,Vattenfall Wind Power Ltd,,-0.0417624,2024-09-02,9999-12-31,,
_P,E_BLARW-1,E_BLARW-1,E,BLARW-1,WIND,EROVAIRL,Erova Energy Limited,DEFAULT__P,-0.0417624,2024-09-02,9999-12-31,Northern Scotland,Scottish and Southern Electricity Networks
,T_EAAO-2,East Anglia One Offshore 2,T,EAAO-2,WIND,EAOWIND,East Anglia One Limited,,0.0020155,2024-07-05,2024-09-01,,
,T_EAAO-1,East Anglia One Offshore 1,T,EAAO-1,WIND,EAOWIND,East Anglia One Limited,,0.0020155,2024-07-05,2024-09-01,,
,T_DUNGW-1,Dunmglass Windfarm 1,T,DUNGW-1,WIND,DNMG,Dunmaglass Wind Farm Limited,,-0.0417624,2024-09-02,9999-12-31,,
,T_DNLWW-1,Dunlaw Extension,T,DNLWW-1,WIND,SPCRE01,SP Renewables (UK) Limited,,-0.0146251,2024-09-02,9999-12-31,,
,T_DDGNO-4,Dudgeon Generator BMU 4,T,DDGNO-4,WIND,DUDGEON,Dudgeon Offshore Wind Ltd,,0.0020155,2024-07-05,2024-09-01,,
,T_DDGNO-3,Dudgeon Generator BMU 3,T,DDGNO-3,WIND,DUDGEON,Dudgeon Offshore Wind Ltd,,0.0020155,2024-07-05,2024-09-01,,
,T_DDGNO-2,Dudgeon Generator BMU 2,T,DDGNO-2,WIND,DUDGEON,Dudgeon Offshore Wind Ltd,,0.0020155,2024-07-05,2024-09-01,,
,T_DDGNO-1,Dudgeon Generator BMU 1,T,DDGNO-1,WIND,DUDGEON,Dudgeon Offshore Wind Ltd,,0.0020155,2024-07-05,2024-09-01,,
,T_DOREW-2,Dorenell Wind Farm Two,T,DOREW-2,WIND,DORWIND,Dorenell Windfarm Limited,,-0.0417624,2024-09-02,9999-12-31,,
,T_DOREW-1,Dorenell Wind Farm One,T,DOREW-1,WIND,DORWIND,Dorenell Windfarm Limited,,-0.0417624,2024-09-02,9999-12-31,,
,T_DBAWO-5,Dogger Bank A Offshore WF 5,T,DBAWO-5,WIND,DBNKOWF1,Doggerbank OWF Project 1,,-0.0079685,2024-09-02,9999-12-31,,
,T_DBAWO-4,Dogger Bank A Offshore WF 4,T,DBAWO-4,WIND,DBNKOWF1,Doggerbank OWF Project 1,,-0.0079685,2024-09-02,9999-12-31,,
,T_DBAWO-3,Dogger Bank A Offshore WF 3,T,DBAWO-3,WIND,DBNKOWF1,Doggerbank OWF Project 1,,-0.0079685,2024-09-02,9999-12-31,,
,T_DBAWO-2,Dogger Bank A Offshore WF 2,T,DBAWO-2,WIND,DBNKOWF1,Doggerbank OWF Project 1,,-0.0079685,2024-09-02,9999-12-31,,
,T_DBAWO-1,Dogger Bank A Offshore WF 1,T,DBAWO-1,WIND,DBNKOWF1,Doggerbank OWF Project 1,,-0.0079685,2024-09-02,9999-12-31,,
,T_DRSLW-1,Dersalloch Windfarm,T,DRSLW-1,WIND,SPCRE01,SP Renewables (UK) Limited,,-0.0146251,2024-09-02,9999-12-31,,
_N,E_DALSW-1,Dalswinton Windfarm,E,DALSW-1,WIND,AIRGEN,Mobius Renewables Gen. (GB),DEFAULT__N,-0.0146251,2024-09-02,9999-12-31,Southern Scotland,SP Energy Networks
,T_DALQW-1,Dalquhandy  Wind Farm,T,DALQW-1,WIND,STATKRA1,Statkraft Markets Gmbh,,-0.0146251,2024-09-02,9999-12-31,,
,T_CUMHW-1,Cumberhead wind energy limited,T,CUMHW-1,WIND,LENCO,EDF Energy Customers Ltd,,-0.0146251,2024-09-02,9999-12-31,,
,T_CRYRW-2,Crystal Rig II Windfarm,T,CRYRW-2,WIND,ENECOUK,Eneco Energy Trade,,-0.0146251,2024-09-02,9999-12-31,,
,T_CRYRW-3,Crystal Rig III,T,CRYRW-3,WIND,ENECOUK,Eneco Energy Trade,,-0.0146251,2024-09-02,9999-12-31,,
,T_CRDEW-2,Crossdykes WF-2,T,CRDEW-2,WIND,CDWF0620,Crossdykes WF Limited,,-0.0146251,2024-09-02,9999-12-31,,
,T_CRDEW-1,Crossdykes WF-1,T,CRDEW-1,WIND,CDWF0620,Crossdykes WF Limited,,-0.0146251,2024-09-02,9999-12-31,,
,T_CREAW-1,Creag Riabhach Wind Farm,T,CREAW-1,WIND,CREAGWF1,Creag Riabhach Wind Farm Ltd,,-0.0417624,2024-09-02,9999-12-31,,
_N,E_CRGTW-1,Craig 2 Wind Farm,E,CRGTW-1,WIND,BRITGAS,British Gas Trading Ltd,DEFAULT__N,-0.0146251,2024-09-02,9999-12-31,Southern Scotland,SP Energy Networks
_P,C__PSTAT011,C__PSTAT011-AAA-NAN-184,S,TMNCW-1,WIND,STATKRA1,Statkraft Markets Gmbh,DEFAULT__P,-0.0417624,2024-09-02,9999-12-31,Northern Scotland,Scottish and Southern Electricity Networks
_P,C__PSMAR001,C__PSMAR001-AAA-ACH-183,S,ACHLW-1,WIND,SMARTEST,Smartestenergy Limited,DEFAULT__P,-0.0417624,2024-09-02,9999-12-31,Northern Scotland,Scottish and Southern Electricity Networks
,T_COUWW-1,Cour Wind Farm,T,COUWW-1,WIND,CWF2016,Cour Wind farm (Scotland) Ltd,,-0.0417624,2024-09-02,9999-12-31,,
,T_CRMLW-1,Corriemoillie,T,CRMLW-1,WIND,LENCO,EDF Energy Customers Ltd,,-0.0417624,2024-09-02,9999-12-31,,
,T_CGTHW-1,Corriegarth WF,T,CGTHW-1,WIND,CRGTHW,Corriegarth Wind Energy LTD,,-0.0417624,2024-09-02,9999-12-31,,
_P,E_CNCLW-1,Coire Na Cloiche WF,E,CNCLW-1,WIND,STATKRA1,Statkraft Markets Gmbh,DEFAULT__P,-0.0417624,2024-09-02,9999-12-31,Northern Scotland,Scottish and Southern Electricity Networks
,T_CLDSW-1,Clyde South,T,CLDSW-1,WIND,CWSL,Clyde Windfarm (Scotland) Ltd,,-0.0146251,2024-09-02,9999-12-31,,
,T_CLDNW-1,Clyde North,T,CLDNW-1,WIND,CWSL,Clyde Windfarm (Scotland) Ltd,,-0.0146251,2024-09-02,9999-12-31,,
,T_CLDCW-1,Clyde Central,T,CLDCW-1,WIND,CWSL,Clyde Windfarm (Scotland) Ltd,,-0.0146251,2024-09-02,9999-12-31,,
_P,E_CLDRW-1,CLDRW-1,E,CLDRW-1,WIND,VTS,Vattenfall Energy Trading,DEFAULT__P,-0.0417624,2024-09-02,9999-12-31,Northern Scotland,Scottish and Southern Electricity Networks
_P,E_CLFLW-1,Clachan Flats,E,CLFLW-1,WIND,SPCRE01,SP Renewables (UK) Limited,DEFAULT__P,-0.0417624,2024-09-02,9999-12-31,Northern Scotland,Scottish and Southern Electricity Networks
,T_CRGHW-1,Carraig Gheal Wind Farm,T,CRGHW-1,WIND,STATKRA1,Statkraft Markets Gmbh,Carraig Gheal,-0.0417624,2024-09-02,9999-12-31,,
_P,E_BNWKW-1,Burn of Whilk Windfarm,E,BNWKW-1,WIND,ENECOUK,Eneco Energy Trade,DEFAULT__P,-0.0417624,2024-09-02,9999-12-31,Northern Scotland,Scottish and Southern Electricity Networks
_D,E_BURBO,Burbo Offshore Wind,E,BURBW-1,WIND,DONG001,Orsted Burbo (UK) Limited,DEFAULT__D,-0.0024907,2024-09-02,9999-12-31,Merseyside and Northern Wales,SP Energy Networks
,T_BRBEO-1,BURBO_EXTENSION,T,BRBEO-1,WIND,DONG010,Burbo Extension Limited,,-0.0024907,2024-09-02,9999-12-31,,
,T_BROCW-1,Broken Cross WF,T,BROCW-1,WIND,SMARTEST,Smartestenergy Limited,,-0.0146251,2024-09-02,9999-12-31,,
,T_WISTW-2,Brockloch Rig 2 WF Exp A,T,WISTW-2,WIND,BRWLTD,BROCKLOCH RIG WINDFARM LTD,,-0.0146251,2024-09-02,9999-12-31,,
